Workbook

Sheet Лист1
A1: регион | B1: округ | C1: 2017 г. | D1: 2018 г. | E1: 2019 г. | F1: 2020 г. | G1: 2021 г. | H1: 2022 г. | I1: 2023 г.
A2: Республика Карелия | B2: =VLOOKUP(A2,[1]Отчет!$A:$I,2,FALSE) -> СЗФО | C2: 270802.5 | D2: 300977.1 | E2: 319050 | F2: 322803.6 | G2: 447564.1 | H2: 392693.2 | I2: 434291.1
A3: Республика Коми | B3: =VLOOKUP(A3,[1]Отчет!$A:$I,2,FALSE) -> СЗФО | C3: 608574.5 | D3: 696242.2 | E3: 718138.7 | F3: 613266.9 | G3: 869995.8 | H3: 971635 | I3: 1049365.5
A4: Ненецкий автономный округ | B4: СЗФО | C4: 265790.9 | D4: 320405.7 | E4: 330999 | F4: 230674.3 | G4: 409388.3 | H4: 489207.2 | I4: 501455.5
A5: Архангельская область | B5: СЗФО | C5: 493415.6 | D5: 545317.6 | E5: 558975.4 | F5: 551144.7 | G5: 671106.7 | H5: 700287.8 | I5: 761589.6
A6: Мурманская область | B6: =VLOOKUP(A6,[1]Отчет!$A:$I,2,FALSE) -> СЗФО | C6: 479352.8 | D6: 521051.5 | E6: 616504.1 | F6: 798450.1 | G6: 1106607.7 | H6: 1152107.7 | I6: 1127497.3
A7: Пермский край | B7: =VLOOKUP(A7,[1]Отчет!$A:$I,2,FALSE) -> ПФО | C7: 1245826.9 | D7: 1422704.6 | E7: 1496401.4 | F7: 1385352.5 | G7: 1765366.6 | H7: 1997004.2 | I7: 2197280.1
A8: Ханты-Мансийский автономный округ-Югра | B8: УРФО | C8: 3557367.1 | D8: 4506739.7 | E8: 4558879.8 | F8: 3341832 | G8: 5700228.3 | H8: 6880235.3 | I8: 8628903.5
A9: Ямало-Ненецкий автономный округ | B9: =VLOOKUP(A9,[1]Отчет!$A:$I,2,FALSE) -> УРФО | C9: 2456293.7 | D9: 3051613.1 | E9: 3158827.6 | F9: 2767734.5 | G9: 4219244.6 | H9: 5305603.6 | I9: 5379401.8
A10: Тюменская область | B10: =VLOOKUP(A10,[1]Отчет!$A:$I,2,FALSE) -> УРФО | C10: 1083409.4 | D10: 1316650.9 | E10: 1234753.1 | F10: 1171029.2 | G10: 1573449.4 | H10: 1722910.2 | I10: 1938291.9
A11: Республика Алтай | B11: =VLOOKUP(A11,[1]Отчет!$A:$I,2,FALSE) -> СФО | C11: 48415.2 | D11: 54069.4 | E11: 57064 | F11: 62850.8 | G11: 74513.4 | H11: 89613.1 | I11: 108336.5
A12: Республика Тыва | B12: =VLOOKUP(A12,[1]Отчет!$A:$I,2,FALSE) -> СФО | C12: 65038.9 | D12: 73681.6 | E12: 79321.3 | F12: 82230.8 | G12: 91529.3 | H12: 107913.7 | I12: 122532.5
A13: Красноярский край | B13: =VLOOKUP(A13,[1]Отчет!$A:$I,2,FALSE) -> СФО | C13: 1977016.1 | D13: 2374749.9 | E13: 2696158.9 | F13: 2725096.7 | G13: 3122115.3 | H13: 3314866.6 | I13: 3719646.8
A14: Иркутская область | B14: =VLOOKUP(A14,[1]Отчет!$A:$I,2,FALSE) -> СФО | C14: 1268311.7 | D14: 1460512.2 | E14: 1540237.8 | F14: 1494326.6 | G14: 1972480.5 | H14: 2347579.8 | I14: 2539383.9
A15: Томская область | B15: =VLOOKUP(A15,[1]Отчет!$A:$I,2,FALSE) -> СФО | C15: 554393.9 | D15: 612431.7 | E15: 617903.6 | F15: 553211.6 | G15: 723226.5 | H15: 813183.4 | I15: 912449.4
A16: Республика Бурятия | B16: =VLOOKUP(A16,[1]Отчет!$A:$I,2,FALSE) -> ДВФО | C16: 224594.1 | D16: 258578.6 | E16: 285490.6 | F16: 302800.4 | G16: 356150.2 | H16: 447267.3 | I16: 503918.8
A17: Республика Саха (Якутия) | B17: =VLOOKUP(A17,[1]Отчет!$A:$I,2,FALSE) -> ДВФО | C17: 942029.6 | D17: 1126774.7 | E17: 1227680.3 | F17: 1133688.2 | G17: 1672273.8 | H17: 2009286.6 | I17: 2229816.5
A18: Забайкальский край | B18: =VLOOKUP(A18,[1]Отчет!$A:$I,2,FALSE) -> ДВФО | C18: 306596.5 | D18: 339838.9 | E18: 369476.5 | F18: 422734.5 | G18: 516630.1 | H18: 561679.6 | I18: 718358.3
A19: Камчатский край | B19: =VLOOKUP(A19,[1]Отчет!$A:$I,2,FALSE) -> ДВФО | C19: 228167.2 | D19: 263151.3 | E19: 279337.8 | F19: 296429.4 | G19: 351233.7 | H19: 357461.7 | I19: 440147.3
A20: Приморский край | B20: =VLOOKUP(A20,[1]Отчет!$A:$I,2,FALSE) -> ДВФО | C20: 906265 | D20: 965485.2 | E20: 1069330.7 | F20: 1105672.6 | G20: 1354099.5 | H20: 1575745.3 | I20: 1862934.3
... A25: Чукотский автономный округ | B25: =VLOOKUP(A25,[1]Отчет!$A:$I,2,FALSE) -> ДВФО | C25: 72873.8 | D25: 83422.6 | E25: 94995 | F25: 119949.4 | G25: 140026.3 | H25: 145059.8 | I25: 186709.4
